Feature,MSE,MAE,RMSE,Accuracy
MedInc,0.19709206997320577,0.3424820862362901,0.44395052649276784,0.7728429985855728
AveRooms,0.9012609688553712,0.24929119459024576,0.9493476543687097,0.9491812535290797
AveBedrms,1.4904107082644311,0.25384418061810415,1.220823782642045,0.9442558007923033
Population,0.14993026974799303,0.19046578586737603,0.38720830278803814,0.9570552147239264
AveOccup,0.06367433428529641,0.16437165540355006,0.2523377385277446,0.9658481512842224
Latitude,0.0895992109004949,0.2196162753699295,0.2993312728408024,0.907883582933032
Longitude,0.09466173831563417,0.23461506075293956,0.30767147790400423,0.9103972950126796
AgeCategory,0.08784630261381045,0.24322490873163327,0.2963887693786835,0.9194097616345063
