Feature,MSE,MAE,RMSE,Accuracy
MedInc,0.2431599713276892,0.31718781807281665,0.4931125341417405,0.8341851220897217
AveRooms,1.090408505747861,0.362752463744449,1.0442262713357968,0.7903225806451613
AveBedrms,1.5899011974624724,0.27040774987345556,1.2609128429286747,0.9304008908685969
Population,0.18101583017764933,0.27151258321993355,0.4254595517527481,0.8839609483960948
AveOccup,0.0808951343823257,0.18220912249280544,0.28442069963757155,0.9682988961222757
Latitude,0.24159079699903113,0.390398571590894,0.49151886738866,0.7136440202133633
Longitude,0.12923101336553153,0.2818316010007917,0.35948715326911407,0.8409913673071567
AgeCategory,0.1684333169732944,0.3321727150256142,0.41040628281410896,0.7800170309395401
