Feature,MSE,MAE,RMSE
MedInc,0.056212032366492325,0.13634003941647185,0.23709076820174235
AveRooms,0.654168376017696,0.20470228063245513,0.8088067606157209
AveBedrms,1.112145732413651,0.1545703945606711,1.0545832031725382
Population,0.051017695413114524,0.15787905081686343,0.2258709707180507
AveOccup,0.04267759473416204,0.14221654421971167,0.20658556274377463
Latitude,0.10846497763693876,0.1695708468645092,0.32934021563868987
Longitude,0.03593045655017688,0.11029778929033661,0.18955330793783812
AgeCategory,0.026566615243841123,0.1320824437547872,0.16299268463290345
